Summons_Number,Plate_ID,Registration_State,Plate_Type,Issue_Date,Violation_Code,Vehicle_Body_Type,Vehicle_Make,Issuing_Agency,Street_Code1,Street_Code2,Street_Code3,Vehicle_Expiration_Date,Violation_Location,Violation_Precinct,Issuer_Precinct,Issuer_Code,Issuer_Command,Issuer_Squad,Violation_Time,Time_First_Observed,Violation_County,Violation_In_Front_Of_Or_Opposi,House_Number,Street_Name,Intersecting_Street,Date_First_Observed,Law_Section,Sub_Division,Violation_Legal_Code,Days_Parking_In_Effect,From_Hours_In_Effect,To_Hours_In_Effect,Vehicle_Color,Unregistered_Vehicle_,Vehicle_Year,Meter_Number,Feet_From_Curb,Violation_Post_Code,Violation_Description,No_Standing_or_Stopping_Violati,Hydrant_Violation,Double_Parking_Violation
1361271097,24522,NY,COM,7/30/2013,38,UTIL,FORD,P,34610,10610,10810,20150228,14,14,161,954253,161,0,1219A,,NY,F,237,WEST 42ND STREET,,0,408,J6,,YYYYYYB,ALL,ALL,WHITE,0,2004,144-3937,0,,,,,
1359495691,83548JV,NY,COM,7/30/2013,46,DELV,FRUEH,P,10110,19030,19050,0,23,23,23,945379,23,0,1041A,,NY,F,2015,2ND AVE,,0,408,F1,,BBBBBBB,ALL,ALL,WHITE,0,0,-,0,,,,,
1355319500,DCE4610,NY,PAS,7/30/2013,97,SUBN,FORD,P,62200,36290,31540,20150510,101,101,0,936147,01O1,0,1033A,,Q,O,57-15,SHORE FRONT PKWY,,0,408,F2,,BBBBBBB,ALL,ALL,BIK,0,2003,-,0,,,,,
1351260352,99351JB,NY,COM,7/30/2013,20,VAN,GMC,P,34890,10810,10910,20150831,18,18,18,902448,18,0,0131P,,NY,F,333,W 56TH ST,,0,408,D,,YYYYYBB,0800A,0600P,WH,0,1999,-,0,,,,,
1351260339,96240MB,NY,COM,7/30/2013,20,VAN,DODGE,P,34890,10810,10910,20140122,18,18,18,902448,18,0,0123P,,NY,F,330,W 56TH ST,,0,408,D,,YYYYYBB,0800A,0600P,WH,0,2001,-,0,,,,,
1353275966,DSE1891,NY,PAS,7/30/2013,80,CONV,MAZDA,P,15340,8590,8790,20140225,115,115,420,928202,420,0,1040A,,Q,O,35-58,72ST,,0,408,D1,,BBBBBBB,ALL,ALL,BLU,0,1994,-,0,,,,,
1353273143,30276MD,NY,COM,7/30/2013,20,DELV,,P,0,0,0,0,18,18,420,933475,420,0,0945A,,NY,F,,C/O 50,BWAY,0,408,D,,BBBBBBB,ALL,ALL,RED,0,0,-,0,,,,,
1359492641,68083MD,NY,COM,7/30/2013,46,VAN,DODGE,P,19090,25390,25985,0,23,23,23,944548,23,0,0215P,,NY,F,60,E 106 ST,,0,408,D1,,BBBBBBB,ALL,ALL,WHITE,0,2013,-,0,,,,,
1358009387,63367JM,NY,COM,7/30/2013,37,DELV,FORD,P,34590,10610,10810,0,14,14,161,953502,161,0,0520P,,NY,F,219,W 41 ST,,0,408,I4,,BBBBBBB,ALL,ALL,BROWN,0,1997,-,0,,,,,
1358009363,ZRC42F,NJ,PAS,7/30/2013,38,SDN,FORD,P,34630,10610,10810,0,14,14,161,953502,161,0,0315P,,NY,O,229,W 43 ST,,0,408,C,,YYYYYYB,0700A,0600P,GY,0,0,143-3785,0,,,,,
1355183170,GHA4787,NY,PAS,7/30/2013,46,SUBN,TOYOT,P,13980,35230,28830,20150628,70,70,70,915843,70,0,1059A,,K,F,1001,AVE H,,0,408,C3,,BBBBBBB,ALL,ALL,GRY,0,2013,-,0,,,,,
1351379550,49772JG,NY,COM,7/30/2013,20,VAN,GMC,P,16150,29290,24010,0,5,5,5,949000,5,0,1014A,,NY,F,107,CROSBY,,0,408,D,,YYYYYBB,0800A,0600P,BROWN,0,1999,-,0,,,,,
1351836640,URZ91H,99,PAS,7/30/2013,17,SUBN,MITSU,P,0,0,0,0,1,1,1,902196,1,0,0032A,,NY,O,,N/W C/O KING ST,HUDSON,0,408,E2,,BBBBBBB,ALL,ALL,GRAY,0,0,-,0,,,,,
1351836638,Y94BUV,NJ,PAS,7/30/2013,17,SDN,NISSA,P,32660,32685,23190,0,1,1,1,902196,1,0,0021A,,NY,F,68,VANDAM ST,,0,408,C4,,BBBBBBB,ALL,ALL,SIL,0,0,-,0,,,,,
1358023694,31005JZ,NY,COM,7/30/2013,14,VAN,GMC,P,34470,10410,10510,0,14,14,14,946972,14,0,0430P,,NY,F,5,W 35 ST,,0,408,E3,,BBBBBBB,ALL,ALL,WHITE,0,1995,-,0,,,,,
1358023682,21775MC,NY,COM,7/30/2013,14,FREI,FRUEH,P,34470,10410,10510,0,14,14,14,946972,14,0,0427P,,NY,F,5,W 35 ST,,0,408,C,,BBBBBBB,ALL,ALL,WHITE,0,1999,-,0,,,,,
1358019691,AL334U,NJ,PAS,7/30/2013,14,DELV,MACK,P,32600,34630,34650,0,14,14,161,953088,161,0,1136P,,NY,F,4,TIMES SQUARE,,0,408,C,,BBBBBBB,ALL,ALL,WHITE,0,0,-,0,,,,,
1358019137,1P25H,NY,SRF,7/30/2013,17,TAXI,NISSA,P,10810,34550,34570,20140228,14,14,14,907031,14,0,1150P,,NY,F,601,8TH AVE,,0,408,C4,,BBBBBBB,ALL,ALL,YEL,0,0,-,0,,,,,
1359208987,15099JZ,NY,COM,7/30/2013,31,VAN,FORD,P,34790,10410,29900,20141231,18,18,18,907552,18,0,1145A,,,O,10,WEST 51 ST,,0,408,I3,,YBBBYBB,0700A,0600P,WHT,0,2008,-,0,,,,,
1351779266,41972JM,NY,COM,7/30/2013,14,VAN,,P,23190,24400,32710,0,1,1,1,915460,1,0,0400P,,NY,F,174,HUDSON ST,,0,408,L2,,BBBBBBB,ALL,ALL,WHITE,0,0,-,0,,,,,
1351777452,95359JU,NY,COM,7/30/2013,46,VAN,FRUEH,P,0,40404,40404,0,1,1,1,940471,1,0,1157A,,NY,O,47,TRINITY,,0,408,K6,,BBBBBBB,ALL,ALL,WH,0,2005,-,0,,,,,
1349784140,81745JN,NY,COM,7/30/2013,46,DELV,MERCU,P,12310,17050,17070,20131231,9,9,9,906258,9,0,1021A,,NY,O,43,AVE C,,0,408,F1,,BBBBBBB,ALL,ALL,WHT,0,2004,-,0,,,,,
1349784138,GGH5293,NY,PAS,7/30/2013,40,SDN,VOLKS,P,17190,10010,12110,20150523,9,9,9,906258,9,0,0957A,,NY,F,263,E 10 ST,,0,408,F1,,BBBBBBB,ALL,ALL,BLK,0,2001,-,3,,,,,
1349784084,GGV9542,NY,PAS,7/30/2013,20,SUBN,FORD,P,17070,12310,12410,20150515,9,9,9,906288,9,0,0905A,,NY,O,330,E 4 ST,,0,408,D,,YYYYYBB,0700A,0400P,BLK,0,2001,-,0,,,,,
1349784059,GEX5608,NY,PAS,7/30/2013,20,SUBN,CHRYS,P,18150,40404,40404,20150506,9,9,9,906258,9,0,0857A,,NY,O,729,E 58 ST,,0,408,D,,YYYYYBB,0700A,0400P,GREEN,0,2004,-,0,,,,,
1349784047,L273223,IL,PAS,7/30/2013,20,SUBN,BMW,P,17230,12210,12310,0,9,9,9,906258,9,0,0818A,,NY,O,654,E 12 ST,,0,408,D,,YYYYYBB,0800A,0600P,GREY,0,0,-,0,,,,,
1349784035,HRR7788,PA,PAS,7/30/2013,20,SUBN,JEEP,P,17190,12110,12210,0,9,9,9,906258,9,0,0811A,,NY,F,329,E 10 ST,,0,408,D,,YYYYYBB,0800A,0600P,BLK,0,0,-,0,,,,,
1347711594,RX290A,NJ,PAS,7/30/2013,50,SDN,HONDA,P,0,0,0,20150731,1,1,574,942232,574,0,0710P,,NY,F,,C/O WEST ST,CHAMBERS ST,0,408,D,,BBBBBBB,ALL,ALL,GR,0,0,-,0,,,,,
1335822835,49724JG,NY,COM,7/30/2013,46,DELV,GMC,P,25490,23990,15510,0,7,7,136,923025,136,0,1215P,,NY,F,228,MADISON ST,,0,408,J6,,BBBBBBB,ALL,ALL,BROWN,0,1988,-,0,,,,,
1335822811,97029JE,NY,COM,7/30/2013,46,VAN,GMC,P,10350,17170,17190,0,9,9,136,923025,136,0,1250P,,NY,O,65,4TH AVE,,0,408,C,,BBBBBBB,ALL,ALL,BROWN,0,1990,-,0,,,,,
1335821302,49724JG,NY,COM,7/30/2013,40,DELV,GMC,P,15510,15010,30640,0,7,7,136,915061,136,0,0145P,,NY,O,255,CLINTON STREET,,0,408,F1,,BBBBBBB,ALL,ALL,BRN,0,1988,-,0,,,,,
1335820796,37579JY,NY,COM,7/30/2013,14,VAN,FRUEH,P,34330,11110,11115,0,10,10,136,934216,136,0,1115P,,NY,O,606,W 28TH ST,,0,408,K2,,BBBBBBB,1100P,0600A,WHITE,0,2006,-,0,,,,,
1335819356,Z35CMX,NJ,PAS,7/30/2013,16,SDN,CHEVR,P,34610,11110,11115,0,10,10,136,922907,136,0,1013P,,NY,F,635,W 42 ST,,0,408,C,,YYYYYYY,ALL,ALL,BLACK,0,0,-,0,,,,,
1254069665,JGL3125,PA,PAS,7/30/2013,40,VAN,CHRYS,X,52030,81725,43040,0,83,83,720,912740,3720,0,1131A,1130A,K,O,220,INGRAHAM ST,,0,408,E2,,BBBBBBB,ALL,ALL,BLUE,0,0,-,0,,,,,
1335812180,GJA1005,NY,PAS,7/30/2013,16,FOUR,PORSC,P,34610,11110,11115,20130908,10,10,136,924819,136,0,0132P,,NY,F,635,W 42 ST,,0,408,D,,BBBBBBB,ALL,ALL,,0,2013,-,0,,,,,
1335647922,N67256,MA,COM,7/30/2013,70,LGTR,,X,18690,24890,10210,20120608,19,19,0,914465,0,0,0700A,,NY,F,155,E 85 ST,,0,408,C,,BBBBBBB,ALL,ALL,WHT,0,0,-,0,,,,,
1323311488,41994JM,NY,COM,7/30/2013,45,VAN,GMC,P,0,0,0,0,5,5,5,928640,5,0,0105P,,NY,F,368,BNEADY,,0,408,I3,,BBBBBBB,ALL,ALL,WHITE,0,1995,-,0,,,,,
1323311476,72695MB,NY,COM,7/30/2013,45,DELV,FRUEH,P,13610,45290,32900,20150630,5,5,5,928640,5,0,0100P,,NY,F,392,BROADWAY,,0,408,N5,,BBBBBBB,ALL,ALL,WHITE,0,2005,-,0,,,,,
1323311440,88404JU,NY,COM,7/30/2013,95,VAN,DODGE,P,13610,45290,32900,20130831,2,2,5,928640,5,0,0100P,,NY,F,380,BROADWAY,,0,408,K2,,BBBBBBB,ALL,ALL,WHITE,0,2005,-,0,,,,,
1341749046,56791JT,NY,COM,7/30/2013,14,F,FRUEH,P,34330,11110,11115,0,10,10,10,950947,10,0,0510A,,NY,F,604,W 28 ST,,0,408,K2,,BBBBBBB,1100P,0600A,WHITE,0,2005,-,0,,,,,
1341711195,K43150,CT,999,7/30/2013,40,DELV,ISUZU,P,34210,10910,11010,0,10,10,10,942857,10,0,0151P,,NY,O,441,W 22ND ST,,0,408,D,,BBBBBBB,ALL,ALL,WHITE,0,0,-,0,,,,,
1286246416,815M342,MD,PAS,7/30/2013,20,SUBN,SATUR,T,0,0,0,20141288,88,88,0,332116,BKTP,0,0724A,,K,,,N/S DEKALB AVE,E/O ST JAMES PL,0,408,D,,YYYYYBB,0700A,1000A,GREEN,0,0,-,0,,,,,
1290834374,42587JW,NY,COM,7/30/2013,46,DELV,FORD,P,65590,25270,25340,20141219,107,107,107,947582,107,0,1119A,,Q,O,189-17,UNION TPK,,0,408,F7,,BBBBBBB,ALL,ALL,YELL,0,0,-,0,,,,,
1294712779,578032,NY,PAS,7/30/2013,17,SDN,AUDI,P,14510,34990,35010,20131218,20,20,0,930130,TD01,0,1203P,,NY,O,15,CPW,,0,408,E2,,BBBBBBB,ALL,ALL,BLACK,0,2010,-,0,,,,,
1294712780,SWANK,NH,PAS,7/30/2013,17,SDN,TOYOT,P,14510,34990,35010,0,20,20,0,930130,TD01,0,0129P,,NY,O,15,CPW,,0,408,C,,BBBBBBB,ALL,ALL,SILVE,0,0,-,0,,,,,
1294712792,GCX7943,NY,PAS,7/30/2013,17,SDN,AUDI,P,14510,34990,35010,20150314,20,20,0,930130,TD01,0,0133P,,NY,O,15,CPW,,0,408,E2,,BBBBBBB,ALL,ALL,BLACK,0,1999,-,0,,,,,
1294712809,JFG9230,PA,PAS,7/30/2013,17,SUBN,JEEP,P,14510,34990,35010,0,20,20,0,930130,TD01,0,0126P,,NY,O,15,CPW,,0,408,J2,,BBBBBBB,ALL,ALL,BLUE,0,0,-,0,,,,,
1302497108,GBN7123,NY,PAS,7/30/2013,24,SUBN,KIA,X,11310,0,0,20140904,122,122,835,611,835,0,1255P,,R,,,GREAT KILLS PARK,CROOKES PT,0,408,D5,,BBBBBBB,ALL,ALL,SILVR,0,2011,-,0,,,,,
1307935217,H50DHM,NJ,PAS,7/30/2013,40,SDN,MITSU,K,45210,40404,40404,0,1,1,1,160434,1,0,0607A,,NY,F,21,W. THAMES ST,,0,408,D5,,BBBBBBB,ALL,ALL,GREEN,0,0,-,5,,,,,
1321474581,GCP1521,NY,PAS,7/30/2013,24,SDN,HONDA,P,23532,25490,15010,20140924,7,7,804,940058,804,0,1015A,,NY,,,S/O 40 JACKSON ST,,0,408,D5,,BBBBBBB,ALL,ALL,BLACK,0,2012,-,0,,,,,
1321950421,897RY2,RI,PAS,7/30/2013,21,SDN,FORD,S,58530,23330,54070,0,71,71,0,535065,SI02,0,1124A,,K,F,479,MAPLE STREET,,0,408,D1,,BYBBYBB,1100A,1230P,BLUE,0,0,-,0,,,,,
1321950445,9SBX66,TX,PAS,7/30/2013,21,VAN,DODGE,S,54070,39430,54930,0,71,71,0,535065,SI02,0,1140A,,K,F,438,KINGSTON AVE,,0,408,D1,,BYBBYBB,1100A,1230P,RED,0,0,-,0,,,,,
1321964031,9662TN,ME,PAS,7/30/2013,21,P-U,FORD,S,56130,40930,18630,20140531,71,71,0,537860,KN09,0,0955A,,K,F,74,LINCOLN RD,,0,408,D1,,BYBBYBB,0930A,1100A,GREEN,0,0,-,0,,,,,
1321964043,VEZ333,IL,PAS,7/30/2013,21,SUBN,SCION,S,0,0,0,20140731,71,71,0,537860,KN09,0,1122A,,K,,,N/S LEFFERTS AVE,W/O BROOKLYN AVE,0,408,D1,,BYBBYBB,1100A,1230P,MAROO,0,0,-,0,,,,,
1321964055,GDM8629,NY,PAS,7/30/2013,21,SDN,HONDA,S,39430,54310,54070,20150107,71,71,0,537860,KN09,0,1125A,,K,F,574,EMPIRE BLVD,,0,408,D1,,BYBBYBB,1100A,1230P,GRAY,0,2013,-,0,,,,,
1321964067,GHP9755,NY,PAS,7/30/2013,21,SUBN,CHEVR,S,38330,75430,86630,20150701,71,71,0,537860,KN09,0,1215P,,K,F,882,EAST NEW YORK AVE,,0,408,D1,,BYBBYBB,1200P,0130P,BLACK,0,2002,-,0,,,,,
1321964432,81413ST,IL,PAS,7/30/2013,21,SUBN,GMC,S,37030,41730,40230,0,67,67,0,533721,KN17,0,0208A,,K,F,933,E 51 ST,,0,408,D1,,BYBBYBB,1200A,0300A,BLACK,0,0,-,0,,,,,
1321964444,XDL6111,VA,PAS,7/30/2013,21,SDN,HONDA,S,37030,41730,40230,0,67,67,0,533721,KN17,0,0211A,,K,F,933,E 51 ST,,0,408,D1,,BYBBYBB,1200A,0300A,BLACK,0,0,-,0,,,,,
1321964705,GKS6070,PA,PAS,7/30/2013,21,SUBN,TOYOT,S,0,0,0,20130630,71,71,0,537860,KN09,0,0742A,,K,,,E/S FRANKLIN AVE,S/O CROWN ST,0,408,D1,,BYBBYBB,0730A,0800A,WHITE,0,0,-,0,,,,,
1321964717,GFC5680,NY,PAS,7/30/2013,21,SUBN,CHEVR,S,0,0,0,20130630,71,71,0,537860,KN09,0,0745A,,K,,,E/S FRANKLIN AVE,S/O CROWN ST,0,408,D1,,BYBBYBB,0730A,0800A,GREEN,0,1996,-,0,,,,,
1321964742,GEN8895,NY,PAS,7/30/2013,21,SDN,HONDA,S,67030,69530,26630,20150404,71,71,0,537860,KN09,0,0813A,,K,F,1290,NOSTRAND AVE,,0,408,D1,,YYYYYYB,0800A,0830A,WHITE,0,0,-,0,,,,,
1321964754,GGT7398,NY,PAS,7/30/2013,21,SDN,HONDA,S,54070,30930,62330,20150512,71,71,0,537860,KN09,0,0837A,,K,F,396,KINGSTON AVE,,0,408,D1,,YYYYYBB,0830A,0900A,BLACK,0,2013,-,0,,,,,
1321964778,GAD2245,NY,PAS,7/30/2013,21,SDN,INFIN,S,54070,30930,62330,20140724,71,71,0,537860,KN09,0,0841A,,K,F,386,KINGSTON AVE,,0,408,D1,,YYYYYBB,0830A,0900A,GRAY,0,2012,-,0,,,,,
1325680497,K98CFS,NJ,PAS,7/30/2013,20,SDN,CHEVR,S,19410,24890,10210,0,25,25,0,956126,MN00,0,0955A,,NY,F,177,E 123RD ST,,0,408,D1,,BBBBBBB,ALL,ALL,WHITE,0,0,-,0,,,,,
1326367304,JJA6304,PA,PAS,7/30/2013,78,DELV,GMC,P,63030,50130,47330,0,83,83,83,921634,83,0,0423A,,K,F,1381,MYRTLE AVENUE,,0,408,K6,,BBBBBBB,ALL,ALL,WHITE,0,0,-,0,,,,,
1326367316,XZ758G,NJ,PAS,7/30/2013,78,DELV,FORD,P,63030,25330,81930,0,83,83,83,921634,83,0,0430A,,K,F,1325,MYRTLE AVENUE,,0,408,K6,,BBBBBBB,ALL,ALL,WHITE,0,0,-,0,,,,,
1326367330,XAUM69,NJ,PAS,7/30/2013,78,DELV,FORD,P,40030,65630,43630,0,83,83,83,921634,83,0,0435A,,K,F,80,EVERGREEN AVE,,0,408,K6,,BBBBBBB,ALL,ALL,WHITE,0,0,-,0,,,,,
1326367341,XT254Y,NJ,PAS,7/30/2013,78,DELV,FORD,P,40030,65630,43630,0,83,83,83,921634,83,0,0437A,,K,F,80,EVERGREEN AVE,,0,408,E2,,BBBBBBB,ALL,ALL,WHITE,0,0,-,0,,,,,
1333607064,RT4975,IN,PAS,7/30/2013,20,SDN,SATUR,T,28390,53830,18950,0,84,84,730,330792,T730,0,0833A,,K,F,25,COLUMBIA PL,,0,408,D,,BYBBBBB,0800A,0600P,RED,0,0,-,0,,,,,
1333608056,GEK8055,NY,PAS,7/30/2013,17,SUBN,HONDA,T,18630,41330,69230,20150328,79,79,130,332975,T130,0,0917A,,K,F,762,BEDFORD AVE,,0,408,E2,,YYYYYBB,0900A,0500P,BK,0,2013,-,0,,,,,
1333608070,GFW4982,NY,PAS,7/30/2013,20,SDN,NISSA,T,19530,66630,66530,20150718,94,94,130,332975,T130,0,0237P,,K,F,69,BERRY ST,,0,408,D,,YYYYYBB,0800A,0600P,GY,0,2004,-,0,,,,,
1295547107,36095JG,NY,COM,7/30/2013,19,DELV,INTR,P,51090,24040,24090,20131031,103,103,171,953830,171,0,1250P,,Q,O,160-05,JAMAICA AVE,,0,408,C3,,BBBBBBB,ALL,ALL,WH,0,2004,-,0,,,,,
1295547521,76175LA,NY,SRF,7/30/2013,19,SUBN,FORD,P,0,0,0,20131130,103,103,171,953406,171,0,0650P,,Q,,,C/O PARSONS,ARCHER,0,408,C3,,BBBBBBB,ALL,ALL,GY,0,2009,-,0,,,,,
1295548227,GEF8133,NY,PAS,7/30/2013,14,VAN,FORD,P,0,0,0,20150411,103,103,171,954050,171,0,1240P,,Q,,,C/O 153 ST,ARCHER AVE,0,408,F1,,BBBBBBB,ALL,ALL,GY,0,2004,-,0,,,,,
1295551214,T623338C,NY,SRF,7/30/2013,14,SDN,LINCO,P,51090,23490,23650,20140531,103,103,171,953125,171,0,0515P,,Q,F,153-01,JAMAICA AVE,,0,408,C3,,BBBBBBB,ALL,ALL,BLACK,0,2003,-,0,,,,,
1295551226,T631864C,NY,SRF,7/30/2013,19,TAXI,FORD,P,0,0,0,20140331,103,103,171,953125,171,0,0530P,,Q,,,C/O JAMAICA AVE,165 ST,0,408,C3,,BBBBBBB,ALL,ALL,BLUE,0,2006,-,0,,,,,
1307963857,XS465D,NJ,PAS,7/30/2013,14,DELV,MITSU,K,29610,32700,27050,0,1,1,1,160427,1,0,0836A,,NY,O,2,RIVER TERRACE,,0,408,D,,BBBBBBB,ALL,ALL,YELLO,0,0,-,0,,,,,
1308414262,GJA7653,NY,PAS,7/30/2013,24,SDN,VOLKS,X,10010,0,0,20130819,23,23,976,101105,976,0,0641P,,NY,F,1901,1ST AVENUE,METROPOLITAN HOSPITA,0,408,D5,,BBBBBBB,ALL,ALL,RED,0,2012,-,0,,,,,
1311689783,86152,NY,MED,7/30/2013,14,SUBN,,K,45210,40404,40404,20141018,1,1,1,160246,1,0,0848P,,NY,F,21,WEST THAMES,,0,408,C,,BBBBBBB,ALL,ALL,GREY,0,2010,-,0,,,,,
1334597704,GAJ1515,NY,PAS,7/30/2013,21,CONV,CHRYS,S,13610,36630,36650,20140828,30,30,0,515324,MW09,0,0840A,,NY,F,3515,BROADWAY,,0,408,D1,,YYYYYYB,0830A,0900A,GREEN,0,1997,-,0,,,,,
1334597716,GFZ2182,NY,PAS,7/30/2013,21,VAN,FORD,S,13610,36630,36650,20150415,30,30,0,515324,MW09,0,0840A,,NY,F,3515,BROADWAY,,0,408,D1,,YYYYYYB,0830A,0900A,GREY,0,1999,-,0,,,,,
1334597730,GHU6720,NY,PAS,7/30/2013,21,SDN,NISSA,S,13610,36530,36550,20150702,30,30,0,515324,MW09,0,0845A,,NY,F,3403,BROADWAY,,0,408,D1,,YYYYYYB,0830A,0900A,RED,0,2013,-,0,,,,,
1334728549,GDR8339,NY,PAS,7/30/2013,21,,FORD,S,60730,58730,47430,20141130,79,79,0,588229,KN01,0,1110A,,,F,144,MIDDLETON STREET,,0,408,D1,,BYBBYBB,1100A,1230P,GRAY,0,2013,-,0,,,,,
1334728562,WTP5847,VA,PAS,7/30/2013,21,SDN,,S,49530,47430,23230,20150315,79,79,0,588229,KN01,0,1130A,,,F,290,HEYWARD STREET,,0,408,D1,,BYBYBBB,1100A,1230P,GRAY,0,0,-,0,,,,,
1334728574,HUU389,SC,PAS,7/30/2013,21,,NISSA,S,95030,84330,93630,0,79,79,0,588229,KN01,0,1155A,,,F,571,WYTHE AVE,,0,408,D1,,BYBYBBB,1130A,0100P,BLACK,0,0,-,0,,,,,
1334728586,GDE5022,NY,PAS,7/30/2013,21,VAN,CHEVR,S,73570,54000,95030,20150106,79,79,0,588229,KN01,0,1203P,,,F,16,RODNEY STREET,,0,408,D1,,BYBYBBB,1130A,0100P,WHITE,0,2006,-,0,,,,,
1334884468,T609099C,NY,SRF,7/30/2013,17,SDN,LINCO,X,37290,16290,29490,20140228,110,110,976,546881,976,0,1238P,,Q,F,79-01,BROADWAY,,0,408,C4,,BBBBBBB,ALL,ALL,GREEN,0,2003,-,0,,,,,
1334884470,T619466C,NY,SRF,7/30/2013,17,SDN,LINCO,X,37290,16290,29490,20131231,110,110,976,546881,976,0,1207P,,Q,F,79-01,BROADWAY,,0,408,C4,,BBBBBBB,ALL,ALL,BLK,0,2007,-,0,,,,,
1334884481,T517465C,NY,SRF,7/30/2013,17,SUBN,FORD,X,37290,16290,29490,20140331,110,110,976,546851,976,0,0205P,,Q,F,79-01,BROADWAY,,0,408,C4,,BBBBBBB,ALL,ALL,GREY,0,2008,-,0,,,,,
1334884638,T604014C,NY,SRF,7/30/2013,46,SDN,LINCO,X,9540,16490,16590,20140131,110,110,976,546881,976,0,1149A,,Q,O,79-11,41 AVE,,0,408,C4,,BBBBBBB,ALL,ALL,GREY,0,2006,-,0,,,,,
1337565260,GFN2865,NY,PAS,7/30/2013,71,SUBN,TOYOT,P,57030,58730,86430,20150430,90,90,90,948728,90,0,0227A,,K,O,113,LORIMER ST,,0,408,J6,,BBBBBBB,ALL,ALL,BLACK,0,2011,-,0,,,,,
1337583261,T615969C,NY,SRF,7/30/2013,14,SDN,LINCO,X,0,0,0,20140331,0,0,972,293945,972,0,0652P,,NY,F,109,E 42ND ST,,0,408,D,,BBBBBBB,ALL,ALL,BLACK,0,2007,-,0,,,,,
1338215905,63393JM,NY,COM,7/30/2013,46,DELV,GMC,P,35490,15710,11710,0,22,22,22,942233,22,0,0346P,,NY,F,107,W 86 ST,,0,408,F1,,BBBBBBB,ALL,ALL,BR,0,1997,-,0,,,,,
1338215929,63021JM,NY,COM,7/30/2013,46,DELV,GMC,P,27790,18790,18810,0,22,22,22,942233,22,0,0420P,,NY,F,1125,PARK AVE,,0,408,F1,,BBBBBBB,ALL,ALL,BR,0,1997,-,0,,,,,
1338217811,62150JM,NY,COM,7/30/2013,46,DELV,GMC,P,0,40404,40404,0,0,0,483,948885,483,0,0544P,,NY,F,241,CPW AVENUE,,0,408,F1,,BBBBBBB,ALL,ALL,BROWN,0,1990,-,0,,,,,
1357984881,30661MA,NY,COM,7/30/2013,38,VAN,FORD,P,34590,10610,10810,0,14,14,161,952516,161,0,0517P,,NY,F,221,W 41 ST,,0,408,C,,BBBBBBB,ALL,ALL,WHITE,0,2010,-,0,,,,,
0,CJZ2769,NY,PAS,7/30/2013,5,SUBN,MITSU,V,0,0,0,0,0,0,0,0,,0,0624P,,,,,SB 2ND AVE @ E 116TH,ST,0,1111,C,T,,,,BK,0,2003,,0,,BUS LANE VIOLATION,,,
0,DLY8643,NY,PAS,7/30/2013,5,SUBN,LEXUS,V,0,0,0,0,0,0,0,0,,0,0522P,,,,,SB RICHMOND AVE @ FO,REST HILL RD,0,1111,C,T,,,,GY,0,2007,,0,,BUS LANE VIOLATION,,,
0,FHP1280,NY,PAS,7/30/2013,5,SUBN,CHRYS,V,0,0,0,0,0,0,0,0,,0,0420P,,,,,SB RICHMOND AVE @ FO,REST HILL RD,0,1111,C,T,,,,MR,0,2010,,0,,BUS LANE VIOLATION,,,
1360259879,ERP1362,NY,PAS,7/30/2013,98,SDN,HYUND,P,33630,55830,44330,20150422,75,75,75,944417,75,0,1230P,,K,F,40,DOSCHER ST,,0,408,J3,,BBBBBBB,ALL,ALL,BK,0,2007,-,0,,,,,
1358130980,24394JK,NY,COM,7/30/2013,20,VAN,FORD,P,29290,32590,31990,20180831,1,1,1,927604,1,0,1200P,,NY,F,172,PRINCE ST,,0,408,D,,YYYYYBB,0800A,0600P,WHITE,0,2006,-,0,,,,,
1358130966,29366JB,NY,COM,7/30/2013,20,VAN,,P,30790,13610,25990,20140531,1,1,1,927604,1,0,1137A,,NY,O,96,SPRING ST,,0,408,D,,YYYYYBB,0800A,0600P,WHITE,0,2002,-,0,,,,,
1358130255,13997AX,NY,COM,7/30/2013,20,VAN,FORD,P,29290,45470,44890,20141031,1,1,1,922715,1,0,1149A,,NY,O,143,PRINCE ST,,0,408,C3,,YYYYYBB,0800A,0600P,WHITE,0,2001,-,0,,,,,
1358130220,14902JW,NY,COM,7/30/2013,20,VAN,FORD,P,29290,45470,44890,20141130,1,1,1,922715,1,0,1148A,,NY,O,135,PRINCE ST,,0,408,K6,,YYYYYBB,0800A,0600P,WHITE,0,2006,-,0,,,,,
1358130176,DMJ6526,NY,PAS,7/30/2013,20,SDN,HYUND,P,21730,13810,30790,20140104,1,1,1,922715,1,0,1106A,,NY,O,70,GREENE ST,,0,408,D,,YYYYYBB,0800A,0600P,SILVE,0,2006,-,0,,,,,
1358130164,3006SPR,NY,COM,7/30/2013,20,VAN,FORD,P,21730,13810,30790,20140930,1,1,1,922715,1,0,1105A,,NY,F,65,GREENE ST,,0,408,D,,YYYYYBB,0800A,0600P,WHITE,0,2005,-,0,,,,,
1358130152,15513JU,NY,COM,7/30/2013,20,UTIL,GMC,P,21730,13810,30790,0,1,1,1,922715,1,0,1104A,,NY,O,60,GREENE ST,,0,408,D,,YYYYYBB,0800A,0600P,WHITE,0,2004,-,0,,,,,
1358130103,18122MD,NY,COM,7/30/2013,20,VAN,FORD,P,33390,29440,14080,20150331,1,1,1,922715,1,0,1007A,,NY,F,104,WASHINGTON ST,,0,408,F1,,BBBBBBB,ALL,ALL,SILVR,0,2013,-,0,,,,,
1358130097,16224TC,NY,COM,7/30/2013,46,TRLR,FRUEH,P,44890,16850,32580,20140131,1,1,1,922715,1,0,0945A,,NY,F,134,W BROADWAY,,0,408,D,,BBBBBBB,ALL,ALL,RED,0,2003,-,0,,,,,
1358130048,30648AT,NY,COM,7/30/2013,20,VAN,FORD,P,25990,13810,30790,20150731,1,1,1,922715,1,0,0911A,,NY,O,93,MERCER ST,,0,408,D,,YYYYYBB,0820A,0600P,BLUE,0,1999,-,0,,,,,
1358129708,BAF5479,NY,COM,7/30/2013,20,SUBN,FORD,P,0,40404,40404,0,1,1,1,926918,1,0,1129A,,NY,O,25-27,MERCER,,0,408,D,,YYYYYBB,08A,06P,GY,0,0,-,0,,,,,
1358128984,32765JZ,NY,COM,7/30/2013,20,VAN,WORK,P,13810,25990,21730,0,1,1,1,942444,1,0,1214P,,NY,F,456,BROOME ST,,0,408,E2,,YYYYYBB,0600A,0600P,BROWN,0,2009,-,0,,,,,
1354577826,FLV9307,NY,PAS,7/30/2013,40,SDN,ME/BE,P,0,14380,0,20150330,62,62,62,938491,62,0,1100A,,K,F,,SW C/O N 902,AVE P,0,408,D,,BBBBBBB,ALL,ALL,GY,0,2001,-,5,,,,,
1354577814,FRL9729,NY,PAS,7/30/2013,20,SDN,HONDA,P,15780,16430,6980,20150724,62,62,62,938491,62,0,0945A,,K,F,1858,BATH AVE,,0,408,E5,,BBBBBBB,ALL,ALL,BLK,0,2007,-,0,,,,,
1354577802,FLN8959,NY,PAS,7/30/2013,50,SDN,BMW,P,0,10530,0,20150707,62,62,62,938491,62,0,0915A,,K,,,SE C/O BAY 5TH,79 ST,0,408,F7,,BBBBBBB,ALL,ALL,BLUE,0,2013,-,0,,,,,
1354577796,EVW7805,NY,PAS,7/30/2013,67,SDN,MITSU,P,0,10480,0,20131124,62,62,62,938492,62,0,0855A,,K,,,NE C/O 14 AVE,78 ST,0,408,C,,BBBBBBB,ALL,ALL,RED,0,2006,-,0,,,,,
1354577784,FZD3553,NY,PAS,7/30/2013,20,SDN,LEXUS,P,7130,7080,18950,20150516,62,62,62,938491,62,0,0832A,,K,F,2049,20 LANE,,0,408,F7,,BBBBBBB,ALL,ALL,WHITE,0,1997,-,0,,,,,
1354577772,FPN4416,NY,PAS,7/30/2013,40,SUBN,HONDA,P,6580,40404,40404,20130626,62,62,62,938491,62,0,0815A,,K,F,1583,15 AVE,,0,408,F1,,BBBBBBB,ALL,ALL,BLK,0,2003,-,5,,,,,
1351262543,FYC4652,NY,PAS,7/30/2013,31,SDN,TOYOT,P,34770,10510,10610,20140504,18,18,18,933423,18,0,0556A,,NY,F,120,W 50TH ST,,0,408,C,,YYYYYYB,ALL,ALL,RED,0,2009,-,0,,,,,
1349784229,24902JZ,NY,COM,7/30/2013,20,VAN,CHEVR,P,20490,10600,17095,0,9,9,9,906258,9,0,0111P,,NY,F,711,FDR DR,,0,408,D,,BBBBBBB,ALL,ALL,WHT,0,2009,-,0,,,,,
1349784217,EES5784,NY,PAS,7/30/2013,20,SDN,HONDA,P,17210,10010,12110,20140228,9,9,9,906258,9,0,1259P,,NY,F,418,E 11 ST,,0,408,F1,,BBBBBBB,ALL,ALL,WHT,0,2006,-,0,,,,,
1349784205,EYB6212,NY,PAS,7/30/2013,46,SUBN,TOYOT,P,17170,12210,12310,20140330,9,9,9,906258,9,0,1238P,,,F,617,E 9 ST,,0,408,I4,,BBBBBBB,ALL,ALL,GREY,0,2013,-,0,,,,,
1349784199,DTS8202,NY,PAS,7/30/2013,46,SUBN,TOYOT,P,17170,12210,12310,20141227,9,9,9,906258,9,0,1232P,,NY,F,635,E 9 ST,,0,408,D,,BBBBBBB,ALL,ALL,GREY,0,2013,-,0,,,,,
1349784187,19488JU,NY,COM,7/30/2013,46,VAN,DODGE,P,12310,17130,17150,20140131,9,9,9,906258,9,0,1227P,,NY,F,116,AVE C,,0,408,F1,,BBBBBBB,ALL,ALL,WHT,0,2006,-,0,,,,,
1349784163,16246JT,NY,COM,7/30/2013,46,UTIL,MERCU,P,10010,17090,17110,20140630,9,9,9,906258,9,0,1038A,,NY,F,87,1ST AVE,,0,408,F1,,BBBBBBB,ALL,ALL,WHT,0,2006,-,0,,,,,
1349784151,AL446D,NJ,PAS,7/30/2013,46,DELV,FRUEH,P,12310,17070,17090,0,9,9,9,906258,9,0,1023A,,NY,F,56,AVE C,,0,408,F1,,BBBBBBB,ALL,ALL,WHT,0,0,-,0,,,,,
1349784126,17740MD,NY,COM,7/30/2013,14,DELV,PETER,P,10110,17110,17130,20140228,9,9,9,906288,9,0,0939A,,NY,F,111,2ND AVE,,0,408,E2,,YYYYYBB,0700A,1000A,WHT,0,2013,-,0,,,,,
1349784114,AP312N,NJ,PAS,7/30/2013,19,TRAC,MACK,P,12310,17130,17150,0,9,9,9,906258,9,0,0915A,,NY,F,123,AVE C,,0,408,C,,BBBBBBB,ALL,ALL,WHT,0,0,-,0,,,,,
1349784102,FSY7691,NY,PAS,7/30/2013,20,SUBN,JEEP,P,17090,12310,12410,20150320,9,9,9,906258,9,0,0911A,,NY,O,729,E 5 ST,,0,408,F1,,YYYYYBB,0700A,0400P,BLUE,0,0,-,0,,,,,
1349784096,DAX2566,NY,PAS,7/30/2013,20,SDN,GREEN,P,17070,12310,12410,20140409,9,9,9,906258,9,0,0906A,,NY,O,326,E 4 ST,,0,408,F1,,YYYYYBB,0700A,0400P,WHT,0,2007,-,0,,,,,
1349784072,FFJ4197,NY,PAS,7/30/2013,20,SUBN,JEEP,P,17070,12310,12410,20150616,9,9,9,906258,9,0,0904A,,NY,O,332,E 4 ST,,0,408,D,,YYYYYBB,0700A,0400P,GREEN,0,2003,-,0,,,,,
1349784060,31297MB,NY,COM,7/30/2013,46,DUMP,FORD,P,12310,17070,17090,20130831,9,9,9,906258,9,0,0900A,,NY,F,55,AVE C,,0,408,D,,BBBBBBB,ALL,ALL,WHT,0,2005,-,0,,,,,
1356912849,EPD6837,NY,PAS,7/30/2013,40,SDN,,P,29690,36990,37010,20150216,33,33,33,936338,33,0,1024P,,,F,910,RIVERSIDE DR,,0,408,E2,,BBBBBBB,ALL,ALL,GREY,0,2007,-,0,,,,,
1356912837,EPG9358,NY,PAS,7/30/2013,99,SDN,HONDA,P,36970,21190,29690,20150216,33,33,33,936338,33,0,1016P,,,O,645,W 160TH ST,,0,408,C,,BBBBBBB,ALL,ALL,VO.Y,0,2022,-,0,,,,,
1355035892,CXZ2115,NY,PAS,7/30/2013,62,SDN,ACURA,P,10010,17730,97520,20140527,17,17,17,911008,17,0,0813P,,NY,O,650,1ST AVE,,0,408,H2,,BBBBBBB,ALL,ALL,SLV,0,2004,-,0,,,,,
1355035880,FJS8937,NY,PAS,7/30/2013,53,SDN,CHRYS,P,0,0,0,20150608,17,17,17,911008,17,0,0803P,,NY,O,,E 36 ST,C/O MIDTOWN TNL,0,408,D4,,BBBBBBB,ALL,ALL,WH,0,2004,-,0,,,,,
1355015133,1212949,IN,PAS,7/30/2013,45,TK,MERCU,P,10110,17950,17970,0,17,17,17,943575,17,0,1145A,,NY,F,904,2ND AVE,,0,408,F1,,BBBBBBB,ALL,ALL,WHITE,0,0,-,0,,,,,
1355015121,EPF2156,NY,PAS,7/30/2013,20,SDN,MINI,P,32620,17830,17850,20131210,17,17,17,943575,17,0,1108A,,NY,F,45,TUDOR CITY PL,,0,408,E1,,BYBBYBB,1000A,1130A,GREEN,0,2009,-,0,,,,,
1355015091,AP6101,NH,PAS,7/30/2013,46,TK,FR/LI,P,0,40404,40404,0,17,17,17,943575,17,0,0720A,,NY,F,441,LEXINGTON,,0,408,F1,,BBBBBBB,ALL,ALL,WHITE,0,0,-,0,,,,,
1355008098,24421MA,NY,COM,7/30/2013,38,VAN,FORD,P,17870,10210,10110,0,17,17,17,948338,17,0,1020A,,NY,F,230,E 44 STREET,,0,408,F1,,BBBBBBB,ALL,ALL,WHITE,0,2012,-,0,,,,,
1355008074,BVBY06,FL,PAS,7/30/2013,16,SDN,MAZDA,P,18010,10110,10010,0,17,17,17,948338,17,0,1035A,,NY,F,347,E 51 STREET,,0,408,C,,BBBBBBB,ALL,ALL,GY,0,0,-,0,,,,,
1355008050,CN4H747,TX,PAS,7/30/2013,16,P-U,BMW,P,18010,10110,10010,0,17,17,17,948338,17,0,1040A,,NY,F,340,E 51 STREET,,0,408,K2,,BBBBBBB,ALL,ALL,BLACK,0,0,-,0,,,,,
1349211590,FYW4332,NY,PAS,7/30/2013,14,SDN,AUDI,X,13430,18950,17570,20140416,60,60,985,100357,985,0,0330P,,K,F,3716,ATLANTIC AVE,,0,408,D,,BBBBBBB,ALL,ALL,GREY,0,2003,-,0,,,,,
1356414102,DK4J8J,NY,PAS,7/30/2013,14,SDN,ME/BE,P,34070,10910,10065,20140111,10,10,10,945309,10,0,0530P,,NY,F,425,W 15 ST,,0,408,F1,,BBBBBBB,ALL,ALL,SIL,0,2010,-,0,,,,,
1356392453,3AX1381,MD,PAS,7/30/2013,47,,HINO,P,10810,34130,34150,20140188,10,10,10,895496,10,0,1245P,,NY,F,174,8 AV,,0,408,L2,,YYYYYYB,0700A,0700P,WH,0,0,-,0,,,,,
1356392441,27876MB,NY,COM,7/30/2013,47,P-U,CHEVR,P,34070,10610,10810,20131031,10,10,10,895496,10,0,1238P,,NY,F,220,W 15 ST,,0,408,F1,,YYYYYYB,0700A,0700P,WH,0,2012,-,0,,,,,
1356392430,13663MD,NY,COM,7/30/2013,47,DELV,KENWO,P,10610,34150,34170,20140228,10,10,10,895496,10,0,1231P,,NY,O,158,7 AV,,0,408,L2,,YYYYYYB,0700A,0700P,RD,0,2013,-,0,,,,,
1356392416,32296MA,NY,COM,7/30/2013,47,DELV,MERCU,P,34130,10610,10810,20140531,10,10,10,895496,10,0,1207A,,NY,F,249,W 18 ST,,0,408,L2,,YYYYYYB,0700A,700,WH,0,2012,-,0,,,,,
1356392398,AK629S,NJ,PAS,7/30/2013,47,,VOLVO,P,10610,34070,34090,0,10,10,10,895496,10,0,1157A,,NY,F,94,7 AVE,,0,408,C3,,YYYYYYB,0700A,0700P,WH,0,0,-,0,,,,,
1356392386,30575KA,NY,COM,7/30/2013,47,DELV,HINO,P,10810,34070,34090,20131231,10,10,10,895496,10,0,1151A,,NY,F,114,8 AVE,,0,408,L2,,YYYYYYB,0700A,0700P,WH,0,2010,-,0,,,,,
1356392313,17690MC,NY,COM,7/30/2013,47,UTIL,MERCU,P,10610,34050,34070,20140531,10,10,10,895496,10,0,0952A,,NY,F,77,7 AVE,,0,408,D,,YYYYYYB,0700A,0700P,WH,0,1999,-,0,,,,,
1356392301,13659MD,NY,COM,7/30/2013,47,DELV,KENWO,P,10610,34050,34070,20140331,10,10,10,895496,10,0,0914A,,NY,F,77,7 AV,,0,408,D1,,YYYYYYB,0700A,0700P,RD,0,2013,-,0,,,,,
1356390663,C6791JT,NY,COM,7/30/2013,14,VAN,FRUEH,P,34330,11110,11115,0,10,10,10,943949,10,0,0312A,,NY,F,606,W 28 ST,,0,408,D,,BBBBBBB,1100P,0600A,WHITE,0,2005,-,0,,,,,
1356390651,19528JU,NY,COM,7/30/2013,14,VAN,FRUEH,P,34330,11110,11115,0,10,10,10,943949,10,0,0310A,,NY,F,606,W 28 ST,,0,408,C,,BBBBBBB,1100P,0600A,WHITE,0,2005,-,0,,,,,
1354356998,BAW1361,AZ,PAS,7/30/2013,40,SDN,HONDA,P,47130,62490,35780,20131031,106,106,106,938062,106,0,1235P,,Q,F,91-31,GOLD RD,,0,408,F2,,BBBBBBB,ALL,ALL,SILVE,0,0,-,0,,,,,
1350912761,FTZ8616,NY,PAS,7/30/2013,19,SDN,VOLVO,X,36670,10610,10810,20140228,32,32,32,946512,32,0,0838P,,NY,F,247,W 145 ST,,0,408,F1,,BBBBBBB,ALL,ALL,RD,0,2005,-,0,,,,,
1356378547,DMN2791,NY,PAS,7/30/2013,20,SUBN,DODGE,P,34170,10610,10810,20140201,10,10,10,915444,10,0,0208P,,NY,F,200,W 20 ST,,0,408,D1,,YYYYYBB,0800A,0600P,TAN,0,1999,-,0,,,,,
1356374104,FYW5680,NY,PAS,7/30/2013,14,SDN,SUZUK,P,34130,0,0,20140719,10,10,10,949581,10,0,0105A,,NY,F,,WEST 18,WEST 19 & 11TH AVE,0,408,F1,,BYBBYBB,1200A,300,GRAY,0,2003,-,0,,,,,
1353288353,30649MA,NY,COM,7/30/2013,37,VAN,FORD,P,10510,34630,34650,0,14,14,420,905822,420,0,0637P,,NY,O,1120,6 AVE,,0,408,C,,YYYBBBB,0600P,ALL,WT,0,2010,-,0,,,,,
1353288274,17208MC,NY,COM,7/30/2013,16,VAN,FRUEH,P,34330,11110,11115,0,10,10,420,905822,420,0,0514P,,NY,O,606,W 28 ST,,0,408,D,,YYYYYBB,0800A,0700P,WT,0,2010,-,0,,,,,
1353287592,32729JZ,NY,COM,7/30/2013,37,DELV,WORK,P,0,0,0,0,14,14,420,931087,420,0,0633P,,,,,C/O 6TH AVE,43 ST,0,408,I3,,BBBBBBB,ALL,ALL,BR,0,2009,-,0,,,,,
1353287567,31005JZ,NY,COM,7/30/2013,37,VAN,GMC,P,34410,10410,13610,0,10,10,420,931087,420,0,0550P,,NY,O,9,W 32 ST,,0,408,I4,,BBBBBBB,ALL,ALL,WT,0,1995,-,0,,,,,
1353286666,19528JU,NY,COM,7/30/2013,16,VAN,FRUEH,P,34330,11110,11115,0,10,10,420,905822,420,0,0512P,,NY,O,606,W 28 ST,,0,408,K2,,YYYYYBB,0800A,0700P,WT,0,2005,-,0,,,,,
1356373628,15RC88,NY,MOT,7/30/2013,21,MCY,PIAGG,P,34190,10610,10810,0,10,10,10,927214,10,0,0917A,,NY,F,220,W 21 ST,,0,408,D,,BYBBYBB,0900A,1030A,GREEN,0,0,-,0,,,,,
1356373604,CYB1608,NY,PAS,7/30/2013,21,SUBN,TOYOT,P,34210,10810,10910,20140719,10,10,10,927214,10,0,0906A,,NY,O,343,W 22 ST,,0,408,D,,BYBBYBB,0900A,1030A,GRAY,0,2004,-,0,,,,,
1356373471,28RV84,NY,PAS,7/30/2013,74,MC,VESPA,P,34250,10910,11010,20140225,10,10,10,927042,10,0,0900P,,NY,O,468,W 24 ST,,0,408,I3,,BBBBBBB,ALL,ALL,BLUE,0,2009,-,0,,,,,
1356371206,FSY3607,NY,PAS,7/30/2013,20,SUBN,FORD,P,0,11112,0,20131019,10,10,10,949112,10,0,0120A,,NY,,,W 32- 33 ST,12 AVE,0,408,C,,BYBBYBB,1200A,0300A,SILV,0,2002,-,0,,,,,
1356359206,EPE1290,NY,PAS,7/30/2013,21,SUBN,HONDA,P,34210,10610,10810,20150114,10,10,10,937331,10,0,0912A,,NY,F,258,W 22 ST,,0,408,D,,BYBBYBB,0900A,1030A,RED,0,2007,-,0,,,,,
1356357234,30518KA,NY,COM,7/30/2013,14,DELV,FRUEH,P,34330,11110,11115,0,10,10,10,950990,10,0,0511A,,NY,O,602,W 28 ST,,0,408,C,,BBBBBBB,ALL,ALL,WH,0,2005,-,0,,,,,
1356355833,D59CBW,NJ,PAS,7/30/2013,98,VAN,CHRYS,P,34170,10810,10910,0,10,10,10,940045,10,0,0415P,,NY,F,326,W 20 ST,,0,408,K2,,BBBBBBB,ALL,ALL,RED,0,0,-,0,,,,,
1356339633,1041FC,FL,PAS,7/30/2013,74,SDN,ME/BE,P,14110,10510,13310,0,6,6,6,937095,6,0,0820P,,NY,O,7,CARMINE ST,,0,408,F1,,BBBBBBB,ALL,ALL,GRY,0,0,-,0,,,,,
1356339621,FSM1404,NY,PAS,7/30/2013,62,SDN,SMART,P,13310,16110,26690,20131005,6,6,6,937095,6,0,0811P,,NY,O,265,BLEECKER ST,,0,408,D,,BBBBBBB,ALL,ALL,BLK,0,2010,-,0,,,,,
1356339610,EFB8996,NY,PAS,7/30/2013,98,SUBN,HONDA,P,0,40404,40404,20131229,6,6,6,937095,6,0,0611P,,NY,O,75,MORTIN ST,,0,408,E5,,BBBBBBB,ALL,ALL,GRY,0,2011,-,0,,,,,
1356339530,1041FC,NY,PAS,7/30/2013,50,SDN,ME/BE,P,14110,10510,13310,0,6,6,6,930631,6,0,0820P,,NY,O,7,CARMINE ST,,0,408,F1,,BBBBBBB,ALL,ALL,GRY,0,0,-,0,,,,,
1355823304,2124960,99,COM,7/30/2013,46,,INDIA,P,12310,17050,17070,0,9,9,9,950052,9,0,0831A,,NY,F,42,AVE C,,0,408,F1,,BBBBBBB,ALL,ALL,WHITE,0,0,-,0,,,,,
1355823286,17740MD,NY,COM,7/30/2013,46,DELV,PETER,P,12310,17150,17170,20140228,9,9,9,950052,9,0,0841A,,NY,F,139,AVE C,,0,408,I3,,BBBBBBB,ALL,ALL,WHITE,0,2013,-,0,,,,,
1351836810,FFX8162,NY,PAS,7/30/2013,40,SUBN,,P,0,40404,40404,20141129,1,1,1,941499,1,0,0103A,,NY,F,64,THOMPSON,,0,408,E2,,BBBBBBB,ALL,ALL,BLACK,0,2004,-,3,,,,,
1351836729,EAS5676,NY,PAS,7/30/2013,40,SUBN,PORSC,P,14910,23190,21790,20150615,1,1,1,941499,1,0,1227A,,NY,O,112,CHARLTON ST,,0,408,E2,,BBBBBBB,ALL,ALL,WHITE,0,2006,-,7,,,,,
1351833480,32763JZ,NY,COM,7/30/2013,14,VAN,WORKH,P,45470,30790,29290,0,1,1,1,941774,1,0,0720P,,NY,F,111,WOOSTER ST,,0,408,D,,BBBBBBB,ALL,ALL,BROWN,0,2009,-,0,,,,,
1351434998,17463MD,NY,COM,7/30/2013,16,VAN,FORD,P,16150,30790,29290,20150131,5,5,5,949899,5,0,0830A,0830A,NY,F,76,CROSBY ST,,20130730,408,D,,YYYYYBB,0800A,0600P,WHITE,0,2013,-,0,,,,,
1356335860,FRY9328,NY,PAS,7/30/2013,17,SUBN,NISSA,P,33970,13310,23190,20140430,6,6,6,948717,6,0,0657P,,NY,F,223,W 10TH STREET,,0,408,D,,BBBBBBB,ALL,ALL,SILVE,0,2012,-,0,,,,,
1356332523,17690MC,NY,COM,7/30/2013,46,DELV,INTER,P,23190,33970,14810,20140531,6,6,6,951194,6,0,0100P,,,F,534,HUDSON ST,,0,408,E2,,BBBBBBB,ALL,ALL,WHITE,0,1999,-,0,,,,,
1356332511,13659MD,NY,COM,7/30/2013,14,DELV,KENWO,P,0,0,0,20140331,6,6,6,951194,6,0,1243P,,,,,C/O GREENWICH ST,BETHUNE ST,0,408,D,,BBBBBBB,ALL,ALL,RED,0,0,-,0,,,,,
1356325841,DMBFANZ,VA,PAS,7/30/2013,20,SDN,DODGE,P,13310,14810,28690,0,6,6,6,943365,6,0,0318P,,NY,O,381,BLEECKER ST,,0,408,L2,,YYYYYYB,0800A,0600P,RED,0,0,-,0,,,,,
1353505418,BLANKPLATE,99,999,7/30/2013,40,MCY,SUZUK,P,0,0,0,0,17,17,108,330015,T108,0,0100P,,NY,,,S/S E 32ND ST,E/O MADISON AVE,0,408,J2,,BBBBBBB,ALL,ALL,BLK,0,2008,-,0,,,,,
1353505406,BLANKPLATE,99,999,7/30/2013,74,MCY,VESPA,P,25390,17530,17550,0,13,13,108,330015,T108,0,1230P,,NY,F,66,MADISON AVE,,0,408,J2,,BBBBBBB,ALL,ALL,RD,0,2008,-,0,,,,,
1353505390,BLANKPLATE,99,999,7/30/2013,74,MCY,PIAGG,P,10410,17510,17530,0,13,13,108,330015,T108,0,1216P,,NY,F,225,5TH AVE,,0,408,E2,,BBBBBBB,ALL,ALL,WHT,0,2009,-,0,,,,,
1351794024,117440JE,NY,COM,7/30/2013,45,DELV,INTER,P,0,0,0,20140630,1,1,1,941910,1,0,0150P,,NY,F,,E/S WATER ST,100 S/O WALL ST,0,408,K2,,BBBBBBB,ALL,ALL,RED,0,1992,-,0,,,,,
1351781807,173ZNH,CT,PAS,7/30/2013,20,SDN,ME/BE,P,25990,29290,45090,0,1,1,1,937063,1,0,1052A,,NY,O,170,MERCER ST,,0,408,D,,BBBBBBB,ALL,ALL,BLACK,0,0,-,0,,,,,
1351780724,15513JU,NY,COM,7/30/2013,41,,GMC,P,21730,13810,30790,0,1,1,1,929286,1,0,0114P,,,O,60,GREENE ST,,0,408,D,,BBBBBBB,ALL,ALL,WH,0,0,-,0,,,,,
1351780682,32765JZ,NY,COM,7/30/2013,14,,,P,45470,30790,29290,0,1,1,1,929286,1,0,1259P,,,O,120,WOOSTER ST,,0,408,C,,YYYBYBB,0800A,0600P,BR,0,0,-,0,,,,,
1351772557,FYN4585,NY,PAS,7/30/2013,19,SDN,TOYOT,P,13610,32580,45490,20140521,7,7,7,901890,7,0,1210P,,NY,F,325,BROADWAY,,0,408,C3,,BBBBBBB,ALL,ALL,GY,0,1999,-,0,,,,,
1351772508,23RP64,NY,MOT,7/30/2013,38,MCY,BMW,P,15350,45490,24750,20140430,7,7,7,901890,7,0,1154A,,NY,F,234,CHURCH ST,,0,408,C4,,YYYYYYB,0800A,0700P,BK,0,0,-,0,,,,,
1351772491,FCH9058,NY,PAS,7/30/2013,46,SDN,ME/BE,P,15350,16850,32580,20140722,7,7,7,901890,7,0,1152A,,NY,F,200,CHURCH ST,,0,408,K6,,BBBBBBB,ALL,ALL,,0,2010,-,0,,,,,
1351772480,22EA91,NY,MOT,7/30/2013,38,MCY,HARLE,P,15350,27880,27050,20140430,7,7,7,901890,7,0,1147A,,NY,F,120,CHURCH ST,,0,408,L2,,YYYYYBB,1000,0400P,BK,0,0,-,0,,,,,
1351404167,EJG3877,NY,PAS,7/30/2013,21,SUBN,TOYOT,P,19690,20640,28790,20141029,5,5,5,948265,5,0,0325A,,NY,F,105,EAST BROADWAY,,0,408,K6,,BYBYBYB,0300A,0600A,GRAY,0,2005,-,0,,,,,
1351404155,22250MC,NY,999,7/30/2013,78,VAN,CHEVR,P,13810,13460,20190,20140731,5,5,5,948265,5,0,1250A,,NY,F,353,BROOME ST,,0,408,K6,,BBBBBBB,0900P,0500A,WHITE,0,2004,-,0,,,,,
1355631592,1157882,ID,PAS,7/30/2013,78,DELV,GMC,P,19890,12310,12410,0,7,7,7,940785,7,0,0245A,,NY,O,415,E HOUSTON,,0,408,J2,,BBBBBBB,ALL,ALL,WH,0,0,-,0,,,,,
